date,experiment_id,category,purpose,user_video,pro_video,pose_model,normalization,phase_method,alignment_method,source_result,output_reference,observation,problem,decision,next_step,status
2026-04-08,prior_pose_model_review,pose_model,MediaPipe와 RTMPose 초기 비교 및 기준 모델 선택,/Users/sonjiwoon/capstone/user_data/y1.mp4,/Users/sonjiwoon/capstone/pro_data/hyun_jin_ryu_ball_to_junior_caminero_20230923_6s.mp4,MediaPipe Pose 2D / RTMPose human 2D,없음,없음,없음,/Users/sonjiwoon/capstone/prior_exp/2026-04-10_root_pitch_experiments/result/experiment_journal.md,/Users/sonjiwoon/capstone/exp/summary.csv,초기에는 MediaPipe 실패로 RTMPose 대체 사용이 반복되었으나 이후 실험 흐름은 MediaPipe 기준으로 정리됨,환경에 따라 포즈 추정 모델이 바뀌면 후속 정규화 결과 비교가 어려움,현재 알고리즘 정리는 MediaPipe 2D 관절 좌표 기준으로 진행,MediaPipe 기준 실험 이력을 중심으로 정리,done
2026-04-12,spatial_exp5_ryu_rtmpose_height,spatial_normalization,류현진 영상 키 기준 공간 정규화 기준선 확인,,/Users/sonjiwoon/capstone/pro_data/hyun_jin_ryu_ball_to_junior_caminero_20230923_6s.mp4,RTMPose human 2D via MMPose,키 기준 정규화,없음,없음,/Users/sonjiwoon/capstone/exp/result/spatial/exp5/hyun_jin_ryu_ball_to_junior_caminero_20230923_6s,/Users/sonjiwoon/capstone/exp/summary.csv,류현진 기준 키 정규화 공간 기준선을 만들었음,MediaPipe 초기화 실패로 RTMPose fallback 사용,MediaPipe 고정 후 같은 영상으로 재실험 필요,MediaPipe 기준 공간 정규화 결과와 비교,done
2026-04-12,spatial_exp6_y1_rtmpose_height,spatial_normalization,y1 사용자 영상 키 기준 공간 정규화 기준선 확인,/Users/sonjiwoon/capstone/user_data/y1.mp4,/Users/sonjiwoon/capstone/pro_data/hyun_jin_ryu_ball_to_junior_caminero_20230923_6s.mp4,RTMPose human 2D via MMPose,키 기준 정규화,없음,없음,/Users/sonjiwoon/capstone/exp/result/spatial/exp6/y1,/Users/sonjiwoon/capstone/exp/summary.csv,y1 기준 키 정규화 공간 기준선을 만들었음,투수 자르기를 핵심 방법으로 채택하지 않아 입력 관심영역 차이가 남음,MediaPipe 기준에서 전신 보존을 우선하는 방향으로 이동,MediaPipe 기준 사용자 영상 정규화 결과와 비교,done
2026-04-15,spatial_exp15_ryu_mediapipe_envelope,spatial_normalization,MediaPipe 기준 공간 정규화와 전신 보존 기준 확인,,/Users/sonjiwoon/capstone/pro_data/hyun_jin_ryu_ball_to_junior_caminero_20230923_6s.mp4,MediaPipe Pose,키 기준 정규화,없음,없음,/Users/sonjiwoon/capstone/exp/result/spatial/exp15/hyun_jin_ryu_ball_to_junior_caminero_20230923_6s_d799fa53,/Users/sonjiwoon/capstone/exp/summary.csv,MediaPipe 고정과 전신 보존 기준으로 최신 공간 기준선을 만들었음,키 기준 정규화만으로는 시점 차이를 충분히 줄이지 못함,공간 정규화의 출발점은 키 기준으로 두되 골반/몸통 기준 보정을 추가 고려,신체 기준 좌표계와 구간별 비교로 확장,done
2026-04-15,temporal_exp1_ryu_mediapipe_height,temporal_alignment,류현진 영상 시간축 정규화 기준선 확인,,/Users/sonjiwoon/capstone/pro_data/hyun_jin_ryu_ball_to_junior_caminero_20230923_6s.mp4,MediaPipe Pose,키 기준 정규화,초기 구간 없음,없음,/Users/sonjiwoon/capstone/exp/result/temporal/exp1/hyun_jin_ryu_ball_to_junior_caminero_20230923_6s_08abc2ff,/Users/sonjiwoon/capstone/exp/summary.csv,시간축 정규화 목적의 류현진 기준 결과를 만들었음,아직 동적 시간 정렬까지 안정적으로 연결되지 않음,전체 영상 비교보다 구간별 비교가 필요함,사용자 영상과 구간별 정렬 연결,done
2026-04-15,temporal_exp2_y2_mediapipe_height,temporal_alignment,사용자 y2 영상 시간축 정규화 기준선 확인,/Users/sonjiwoon/capstone/user_data/y2.mp4,/Users/sonjiwoon/capstone/pro_data/hyun_jin_ryu_ball_to_junior_caminero_20230923_6s.mp4,MediaPipe Pose,키 기준 정규화,초기 구간 없음,없음,/Users/sonjiwoon/capstone/exp/result/temporal/exp2/y2_a6b2b25c,/Users/sonjiwoon/capstone/exp/summary.csv,y2 사용자 시간축 기준선을 만들었음,세로 영상이라 관심영역 편차가 남고 전체 정렬이 어렵다,투구 구간을 먼저 나눈 뒤 구간별 특징값으로 정렬해야 함,구간별 동적 시간 정렬 적용,done
2026-04-25,pose3d_world_exp2_y1_ryu,discarded_3d,단일 영상 기반 3D 변환 가능성 검토,/Users/sonjiwoon/capstone/user_data/y1.mp4,/Users/sonjiwoon/capstone/pro_data/hyun_jin_ryu_ball_to_junior_caminero_20230923_6s.mp4,MediaPipe 3D world 좌표,골반 중심 + 영상별 신체 크기 기준 3D 좌표,선형 진행률,없음,/Users/sonjiwoon/capstone/exp/result/pose3d/exp2,/Users/sonjiwoon/capstone/exp/result/pose3d/exp2/experiment_report.md,정량 지표는 가능해 보였지만 시각적으로 뼈대 방향과 깊이 왜곡이 컸음,단일 영상 3D 결과가 투구 유사도 비교용으로 안정적이지 않음,현재 알고리즘 흐름에서는 폐기,2D 신체 기준 정규화와 구간별 정렬로 복귀,discarded
2026-04-25,pitchermotion_style_exp1_y1_ryu,visualization,정규화 스켈레톤과 특징값 시각화 가능성 확인,/Users/sonjiwoon/capstone/user_data/y1.mp4,/Users/sonjiwoon/capstone/pro_data/hyun_jin_ryu_ball_to_junior_caminero_20230923_6s.mp4,MediaPipe Pose 2D 관절 좌표,다리 들기 기준점 + 골반 중심 + 신체 크기 기준,다리 들기 기준만 사용,구간별 정렬 없음,/Users/sonjiwoon/capstone/exp/result/pitchermotion/exp1,/Users/sonjiwoon/capstone/exp/result/pitchermotion/exp1/experiment_report.md,정규화 스켈레톤 겹쳐보기와 관절/이동량 그래프를 생성했음,릴리즈 시점이 프로와 사용자 사이에서 다르게 나타남,유사도 계산 전 특징값 추출과 시각 검증 단계로 유지,구간별 동적 시간 정렬 연결,done
2026-04-25,pitchermotion_style_exp2_y1_ryu_preroll,visualization,표시 구간 보정이 포함된 PitcherMotion 스타일 비교,/Users/sonjiwoon/capstone/user_data/y1.mp4,/Users/sonjiwoon/capstone/pro_data/hyun_jin_ryu_ball_to_junior_caminero_20230923_6s.mp4,MediaPipe Pose 2D 관절 좌표,다리 들기 기준점 + 골반 중심 + 신체 크기 기준 + 표시용 사전 구간,다리 들기 기준만 사용,구간별 정렬 없음,/Users/sonjiwoon/capstone/exp/result/pitchermotion/exp2,/Users/sonjiwoon/capstone/exp/result/pitchermotion/exp2/experiment_report.md,다리 들기 기준은 유지하고 표시 구간을 분리해 비교 영상을 만들었음,준비 구간 길이가 프로와 사용자 사이에서 크게 다름,분석 기준과 표시 기준을 분리하고 구간별 정렬을 붙이는 방향으로 결정,구간별 동적 시간 정렬과 특징값 제거 실험 진행,done
